,City,Lat,Lng,Max Temp,Humidity,Cloudiness,Wind Speed,Country,Date
0,norman wells,65.282,-126.8329,46.44,49,0,12.66,CA,1651354059
1,lashio,22.9333,97.75,63.99,89,64,1.74,MM,1651354059
2,henties bay,-22.116,14.2845,58.77,83,0,8.43,NA,1651354060
3,grand river south east,,,,,,,,
4,erzin,36.9559,36.2,64.35,79,100,3.36,TR,1651354061
5,egvekinot,66.3167,-179.1667,15.64,79,100,11.1,RU,1651354062
6,muros,42.7762,-9.0603,58.93,87,1,3.27,ES,1651354062
7,malwan,,,,,,,,
8,albany,42.6001,-73.9662,61.95,25,90,4,US,1651354030
9,ushuaia,-54.8,-68.3,40.66,75,0,0,AR,1651353784
10,chuy,-33.6971,-53.4616,55.44,70,100,3.78,UY,1651354063
11,bredasdorp,-34.5322,20.0403,55.72,87,34,5.39,ZA,1651354064
12,khatanga,71.9667,102.5,1.89,100,93,7.7,RU,1651354065
13,nakatsu,33.5981,131.1883,58.66,82,100,3.69,JP,1651354065
14,hermanus,-34.4187,19.2345,58.62,86,63,3.53,ZA,1651354066
15,yellowknife,62.456,-114.3525,36.12,48,0,8.05,CA,1651354067
16,pangnirtung,66.1451,-65.7125,25.92,92,100,4.5,CA,1651354068
17,rodrigues alves,-7.738,-72.6509,84.4,63,64,2.26,BR,1651354068
18,samusu,,,,,,,,
19,yola,9.2,12.4833,84.69,57,100,7.96,NG,1651354069
20,adrar,20.5022,-10.0711,81.91,10,0,7.9,MR,1651354070
21,hilo,19.7297,-155.09,74.48,81,100,5.75,US,1651354071
22,belushya guba,,,,,,,,
23,port hedland,-20.3167,118.5667,69.85,73,40,6.91,AU,1651354072
24,diffa,13.3154,12.6113,91.83,24,93,3.58,NE,1651354072
25,sakakah,29.9697,40.2064,85.57,17,0,16.28,SA,1651354073
26,busselton,-33.65,115.3333,54.88,87,0,5.48,AU,1651354073
27,tuktoyaktuk,69.4541,-133.0374,33.8,75,40,8.05,CA,1651354074
28,rikitea,-23.1203,-134.9692,76.03,75,52,10.67,PF,1651354075
29,vaini,-21.2,-175.2,78.96,94,75,12.66,TO,1651354076
30,aksarka,66.5606,67.7975,12.54,93,15,7.02,RU,1651354076
31,achinsk,56.2694,90.4993,51.87,85,100,3.18,RU,1651354077
32,sao joao da barra,-21.6403,-41.0511,77.09,82,26,8.39,BR,1651354077
33,pontes e lacerda,-15.2261,-59.3353,81.03,67,47,3.24,BR,1651354078
34,batticaloa,7.7102,81.6924,81.68,81,62,5.35,LK,1651354079
35,punta arenas,-53.15,-70.9167,42.12,81,78,5.66,CL,1651354079
36,paka,4.6374,103.4368,76.93,94,93,0,MY,1651354080
37,olenino,56.2092,33.4889,31.73,69,92,4.16,RU,1651354080
38,sentyabrskiy,,,,,,,,
39,mahebourg,-20.4081,57.7,77.29,78,20,5.75,MU,1651354081
40,marsh harbour,26.5412,-77.0636,72.32,82,100,20.51,BS,1651354082
41,brae,60.3964,-1.353,45,77,90,12.26,GB,1651354083
42,dali,25.7,100.1833,56.08,78,82,3.98,CN,1651354083
43,hasaki,35.7333,140.8333,50.4,61,100,10.2,JP,1651354084
44,leningradskiy,69.3833,178.4167,11.88,88,57,4,RU,1651354084
45,provideniya,64.3833,-173.3,31.59,89,100,16.17,RU,1651354085
46,siderno,38.2779,16.302,61.34,58,100,6.06,IT,1651354085
47,atar,20.5169,-13.0499,84.92,10,37,7.2,MR,1651354086
48,kamenka,51.3223,42.7678,41.95,74,19,7.85,RU,1651354087
49,broome,42.2506,-75.833,59.59,26,0,11.5,US,1651354088
50,arlit,18.7369,7.3853,90.9,8,100,4.27,NE,1651354088
51,kapaa,22.0752,-159.319,78.78,75,20,17.27,US,1651354089
52,bethel,41.3712,-73.414,62.98,34,0,13.8,US,1651353924
53,cape town,-33.9258,18.4232,57.9,81,0,6.91,ZA,1651354089
54,berlevag,70.8578,29.0864,26.4,73,96,17.76,NO,1651354090
55,klaksvik,62.2266,-6.589,43.72,88,28,8.63,FO,1651354091
56,ngunguru,-35.6167,174.5,64.06,74,32,8.5,NZ,1651354091
57,new norfolk,-42.7826,147.0587,52.59,71,100,5.99,AU,1651354092
58,tazovskiy,67.4667,78.7,13.24,92,61,8.75,RU,1651354092
59,aklavik,68.2191,-135.0107,46.4,53,20,9.22,CA,1651354093
60,nishihara,26.1842,127.7558,70.3,78,100,9.22,JP,1651354093
61,yulara,-25.2406,130.9889,60.64,55,100,10.36,AU,1651354094
62,duarte,34.1394,-117.9773,81.48,34,0,11.5,US,1651354095
63,barentsburg,,,,,,,,
64,atuona,-9.8,-139.0333,78.8,76,9,12.57,PF,1651354096
65,jalu,29.0331,21.5482,79.25,20,24,8.72,LY,1651354097
66,whitley bay,55.0397,-1.4471,48.02,88,100,9.82,GB,1651354045
67,saryshagan,,,,,,,,
68,saleaula,,,,,,,,
69,nizhneyansk,,,,,,,,
70,acajutla,13.5928,-89.8275,86.07,61,100,7.9,SV,1651354098
71,tasiilaq,65.6145,-37.6368,37.56,69,14,1.05,GL,1651354099
72,tela,15.7833,-87.45,87.75,74,40,4.61,HN,1651354100
73,pitimbu,-7.4706,-34.8086,79.39,76,97,13.76,BR,1651354100
74,carnarvon,-24.8667,113.6333,60.87,63,0,8.05,AU,1651354101
75,nantucket,41.2835,-70.0995,53.71,47,0,6.91,US,1651354013
76,pochutla,15.7432,-96.4661,84.81,43,6,9.55,MX,1651354102
77,coihaique,-45.5752,-72.0662,49.95,71,75,6.91,CL,1651354103
78,hayden,47.766,-116.7866,46.81,85,100,9.22,US,1651354103
79,ishigaki,24.3448,124.1572,73.53,100,75,10.36,JP,1651354104
80,lompoc,34.6391,-120.4579,66.52,58,0,23.02,US,1651354105
81,luganville,-15.5333,167.1667,76.44,89,100,5.23,VU,1651354106
82,saskylakh,71.9167,114.0833,9.79,91,100,16.91,RU,1651354106
83,lolua,,,,,,,,
84,vostok,46.4856,135.8833,35.26,80,100,3.65,RU,1651354107
85,puerto ayora,-0.7393,-90.3518,80.56,79,88,8.48,EC,1651354108
86,tsihombe,,,,,,,,
87,palora,-1.7,-77.9333,69.91,96,99,1.28,EC,1651354109
88,taolanaro,,,,,,,,
89,nguiu,,,,,,,,
90,attawapiskat,,,,,,,,
91,lebu,-37.6167,-73.65,52.81,70,2,15.41,CL,1651354110
92,guerrero negro,27.9769,-114.0611,68.63,57,71,15.7,MX,1651354111
93,shchelyayur,,,,,,,,
94,tshikapa,-6.4167,20.8,71.76,95,99,0.81,CD,1651354112
95,vanimo,-2.6741,141.3028,77.07,85,98,2.91,PG,1651354112
96,inhambane,-23.865,35.3833,67.78,85,3,6.44,MZ,1651354113
97,sola,-13.8833,167.55,75.87,100,100,0,VU,1651354114
98,paso de carrasco,-34.8603,-56.0522,55.53,67,0,0,UY,1651354114
99,louisbourg,,,,,,,,
100,kenai,60.5544,-151.2583,43.88,58,0,12.66,US,1651354115
101,ribeira grande,38.5167,-28.7,63.05,80,66,7.27,PT,1651354116
102,jeremie,18.65,-74.1167,79.9,74,38,4.54,HT,1651354116
103,duobao,30.67,112.6895,53.64,79,100,9.22,CN,1651354117
104,chipping sodbury,51.5381,-2.3938,52,69,100,1.01,GB,1651354117
105,nueve de julio,-35.4444,-60.8831,51.44,47,31,6.13,AR,1651354118
106,hobart,-42.8794,147.3294,56.34,65,75,8.05,AU,1651354119
107,luderitz,-26.6481,15.1594,59.59,58,0,13.96,NA,1651354119
108,ondangwa,-17.9167,15.95,60.8,72,7,0,NA,1651354120
109,jaguey grande,22.5269,-81.1286,89.13,36,38,2.86,CU,1651354121
110,cockburn town,21.4612,-71.1419,77.16,73,82,21.72,TC,1651354122
111,port alfred,-33.5906,26.891,56.17,83,1,1.99,ZA,1651354122
112,cherskiy,68.75,161.3,14.11,90,85,5.93,RU,1651354123
113,kamsack,51.5667,-101.9009,49.53,66,100,14.52,CA,1651354124
114,bargal,,,,,,,,
115,vila franca do campo,37.7167,-25.4333,66.2,84,21,3.4,PT,1651353853
116,matay,28.419,30.7792,73.78,39,0,14.27,EG,1651354124
117,terra santa,-2.1042,-56.4869,79.52,91,76,2.91,BR,1651354125
118,oriximina,-1.7656,-55.8661,79.52,89,66,3.04,BR,1651354126
119,faya,18.3851,42.4509,63.12,37,43,12.19,SA,1651354127
120,aykhal,66,111.5,12.11,94,100,23.78,RU,1651354127
121,waipawa,-41.4122,175.5153,52.66,76,76,9.53,NZ,1651354128
122,bosaso,11.2842,49.1816,85.1,66,32,1.05,SO,1651354128
123,shiloh,38.5614,-89.8973,75.69,67,75,14.97,US,1651354129
124,sitka,57.0531,-135.33,55.29,44,40,9.22,US,1651354129
125,olafsvik,64.8945,-23.7142,44.62,86,98,14.92,IS,1651354130
126,okha,53.5739,142.9478,31.39,98,100,3.69,RU,1651354131
127,butaritari,3.0707,172.7902,80.89,82,82,13.65,KI,1651354131
128,zyryanskoye,56.8306,86.6258,43.9,89,100,11.92,RU,1651354132
129,mar del plata,-38.0023,-57.5575,53.87,62,0,6.91,AR,1651354071
130,halifax,44.6453,-63.5724,42.64,72,100,13.8,CA,1651354068
131,kavaratti,10.5669,72.642,84.6,73,36,11.36,IN,1651354133
132,jamestown,42.097,-79.2353,62.01,18,0,5.75,US,1651354134
133,polonnaruwa,7.9333,81,77.83,86,38,3.31,LK,1651354134
134,barrow,71.2906,-156.7887,21.22,79,0,5.75,US,1651354135
135,vaitape,-16.5167,-151.75,81.21,72,7,14.99,PF,1651354136
136,qaanaaq,77.484,-69.3632,14.74,76,80,2.57,GL,1651354137
137,saldanha,-33.0117,17.9442,55.45,88,8,12.37,ZA,1651354137
138,beloha,-25.1667,45.05,67.73,83,5,6.96,MG,1651354138
139,srednekolymsk,67.45,153.6833,19.87,84,78,3.83,RU,1651354139
140,bakel,14.905,-12.4568,97.02,14,100,0.63,SN,1651354140
141,stephenville crossing,48.5,-58.4318,48.33,66,75,6.91,CA,1651353861
142,galle,6.0367,80.217,81.55,84,98,11.97,LK,1651354141
143,mataura,-46.1927,168.8643,63.48,83,100,3.94,NZ,1651354141
144,kruisfontein,-34.0033,24.7314,53.89,82,6,6.91,ZA,1651354142
145,severo-kurilsk,50.6789,156.125,35.17,79,100,9.53,RU,1651354142
146,samarai,-10.6167,150.6667,79.93,79,52,5.99,PG,1651354143
147,prince rupert,54.3161,-130.3201,59.09,33,0,6.91,CA,1651354144
148,tornio,65.8481,24.1466,26.62,86,67,4.14,FI,1651354144
149,avarua,-21.2078,-159.775,82.45,78,20,10.36,CK,1651354145
150,peleduy,59.6289,112.7406,37.18,100,100,4.07,RU,1651354146
151,huarmey,-10.0681,-78.1522,71.31,76,74,10.85,PE,1651354147
152,kodiak,57.79,-152.4072,40.51,87,100,27.63,US,1651354068
153,hithadhoo,-0.6,73.0833,85.15,68,100,14.61,MV,1651354148
154,ulladulla,-35.35,150.4667,52.7,73,2,3.78,AU,1651354149
155,coahuayana,18.7333,-103.6833,87.39,40,53,8.75,MX,1651354149
156,noumea,-22.2763,166.4572,77,99,76,10.42,NC,1651354042
157,bilozerka,46.6248,32.4425,48.92,68,28,8.3,UA,1651354150
158,altona,53.55,9.9333,46.85,84,100,8.05,DE,1651354151
159,pyapon,16.2833,95.6833,82.67,72,61,3.11,MM,1651354151
160,calama,-22.4667,-68.9333,70.29,9,0,20.71,CL,1651354152
161,barkhan,29.8977,69.5256,78.71,13,0,3.36,PK,1651354152
162,a coruna,43.3713,-8.396,57.45,88,9,4.61,ES,1651353894
163,ostrovnoy,68.0531,39.5131,16.95,86,93,9.73,RU,1651354153
164,ilulissat,69.2167,-51.1,24.82,50,0,16.11,GL,1651354154
165,illoqqortoormiut,,,,,,,,
166,nikolskoye,59.7035,30.7861,38.97,72,100,6.96,RU,1651354155
167,necochea,-38.5473,-58.7368,53.42,49,7,6.98,AR,1651354155
168,bluff,-46.6,168.3333,63.81,64,100,11.83,NZ,1651354156
169,upernavik,72.7868,-56.1549,16.66,73,53,1.88,GL,1651354157
170,tuatapere,-46.1333,167.6833,57.51,81,100,10.83,NZ,1651354157
171,aksu,41.1231,80.2644,60.76,19,99,2.62,CN,1651354158
172,itarema,-2.9248,-39.9167,77.43,90,11,7.96,BR,1651354159
173,saint-pierre,-21.3393,55.4781,76.5,80,100,3.44,RE,1651354160
174,salalah,17.0151,54.0924,86.09,79,40,4.61,OM,1651354160
175,lagoa,39.05,-27.9833,60.76,87,0,10.11,PT,1651354161
176,chokurdakh,70.6333,147.9167,15.03,93,43,7.85,RU,1651354162
177,palatca,46.85,23.9833,46.99,68,5,3.24,RO,1651354162
178,vierzon,47.2101,2.0625,44.22,79,19,7.31,FR,1651354163
179,hovd,48.0056,91.6419,49.86,26,98,7.72,MN,1651354163
180,georgetown,5.4112,100.3354,80.65,89,20,4.61,MY,1651354164
181,matagami,49.7502,-77.6328,55.51,16,0,8.05,CA,1651354164
182,locri,38.2414,16.2623,61.32,57,100,6.98,IT,1651354165
183,dubuque,42.4833,-90.8668,65.86,66,0,17.27,US,1651354166
184,cairns,-16.9167,145.7667,73.22,90,40,10.36,AU,1651354166
185,castro,-24.7911,-50.0119,62.33,92,41,4.21,BR,1651354167
186,miyako,39.6367,141.9525,45.59,72,100,9.53,JP,1651354167
187,naze,28.3667,129.4833,65.32,72,100,13.33,JP,1651354168
188,katsuura,35.1333,140.3,57.94,74,100,10.33,JP,1651354168
189,arenillas,41.3471,-2.8462,52.99,62,95,1.43,ES,1651354169
190,formby,53.5536,-3.0682,49.66,86,100,8.14,GB,1651354170
191,karamea,,,,,,,,
192,arraial do cabo,-22.9661,-42.0278,75.06,83,75,2.3,BR,1651354170
193,camalu,30.85,-116.0667,67.86,61,100,11.41,MX,1651354171
194,teahupoo,-17.8333,-149.2667,78.76,74,50,13.51,PF,1651354172
195,east london,-33.0153,27.9116,62.51,71,0,12.64,ZA,1651354173
196,mehamn,71.0357,27.8492,29.7,65,98,16.8,NO,1651354173
197,ahipara,-35.1667,173.1667,62.44,79,11,6.38,NZ,1651354174
198,carutapera,-1.195,-46.02,76.44,93,29,5.14,BR,1651354174
199,karkaralinsk,,,,,,,,
200,pozo colorado,-23.4923,-58.7972,84.29,51,0,1.95,PY,1651354175
201,oranjemund,-28.55,16.4333,54.91,88,0,11.83,NA,1651354175
202,taldan,53.6667,124.8,25.18,61,0,2.8,RU,1651354176
203,wanaka,-44.7,169.15,53.91,86,100,8.81,NZ,1651354177
204,presidencia roque saenz pena,-26.7852,-60.4388,68.88,68,99,6.17,AR,1651354178
205,laranja da terra,-19.8989,-41.0567,73.42,76,56,4.23,BR,1651354178
206,saint-philippe,-21.3585,55.7679,76.59,78,9,10.87,RE,1651354179
207,san onofre,9.7359,-75.5263,86.77,68,100,8.79,CO,1651354179
208,mys shmidta,,,,,,,,
209,black river,18.0264,-77.8487,82.74,67,70,8.08,JM,1651354180
210,sohag,26.557,31.6948,82.49,17,0,11.88,EG,1651354181
211,vila,42.0304,-8.1588,50.7,58,4,1.5,PT,1651354181
212,tidore,,,,,,,,
213,sao filipe,14.8961,-24.4956,72.07,77,85,9.08,CV,1651354182
214,samalaeulu,,,,,,,,
215,kudahuvadhoo,2.6708,72.8944,85.48,68,91,17,MV,1651354183
216,awbari,26.5921,12.7805,82.9,11,3,15.08,LY,1651354183
217,roma,43.2128,-75.4557,60.64,27,0,6.91,US,1651354184
218,havoysund,70.9963,24.6622,28.63,74,100,17.07,NO,1651354185
219,geraldton,-28.7667,114.6,54.01,76,0,9.22,AU,1651354185
220,belle fourche,44.6714,-103.8522,53.04,56,91,19.75,US,1651354186
221,amderma,,,,,,,,
222,bocanda,7.0626,-4.4995,78.62,81,100,6.26,CI,1651354186
223,sheboygan,43.7333,-87.9334,47.25,76,100,11.5,US,1651354059
224,kaitangata,-46.2817,169.8464,53.55,77,99,4.14,NZ,1651354187
225,ust-kamchatsk,,,,,,,,
226,puerto carreno,6.189,-67.4859,77.72,84,100,10.04,CO,1651354188
227,taoudenni,22.6783,-3.9836,83.57,16,0,13.02,ML,1651354189
228,grindavik,63.8424,-22.4338,45.07,81,75,16.11,IS,1651354190
229,halalo,,,,,,,,
230,kachiry,53.0675,76.1036,54.86,71,96,16.93,KZ,1651354191
231,manggar,-2.8833,108.2667,79.23,85,92,2.3,ID,1651354192
232,mandera,3.9366,41.867,80.98,71,96,10.42,KE,1651354192
233,demba,-5.51,22.2667,69.76,91,56,1.59,CD,1651354193
234,victoria,22.2855,114.1577,75.49,87,100,15.01,HK,1651354140
235,fairbanks,64.8378,-147.7164,54.09,32,0,13.8,US,1651354194
236,adre,13.4667,22.2,84.31,12,35,6.24,TD,1651354195
237,half moon bay,37.4636,-122.4286,63.23,75,100,23.02,US,1651354195
238,chegdomyn,51.1167,133.0167,31.77,79,52,1.9,RU,1651354196
239,sinnamary,5.3833,-52.95,80.53,76,59,9.1,GF,1651354196
240,peace river,56.2501,-117.286,48.51,53,75,12.66,CA,1651354074
241,itaituba,-4.2761,-55.9836,87.96,66,40,3.44,BR,1651354197
242,adzope,6.1069,-3.8619,75.67,95,84,4.68,CI,1651354198
243,tonstad,58.6626,6.7169,44.31,69,100,5.35,NO,1651354199
244,cabo san lucas,22.8909,-109.9124,81.21,41,40,6.91,MX,1651354184
245,marawi,7.9986,124.2928,67.46,95,50,1.21,PH,1651354200
246,kargasok,59.0556,80.8572,30.24,77,99,7.78,RU,1651354200
247,dikson,73.5069,80.5464,17.96,94,100,18.41,RU,1651354201
248,san rafael,-34.6177,-68.3301,66.54,29,0,5.88,AR,1651354121
249,bobo dioulasso,11.1771,-4.2979,88.25,32,78,7.18,BF,1651354203
250,sidi bin nur,35.5333,10.9167,62.51,80,100,16.15,TN,1651354203
251,aras,42.5617,-2.356,55.62,67,0,3.44,ES,1651354204
252,grand centre,,,,,,,,
253,abu samrah,35.3029,37.1841,62.55,78,5,13.24,SY,1651354205
254,nemuro,43.3236,145.575,39.31,58,96,2.75,JP,1651354206
255,nhamunda,-2.1861,-56.7131,76.19,95,76,2.21,BR,1651354207
256,port hardy,50.6996,-127.4199,55.58,67,20,9.22,CA,1651354208
257,praia da vitoria,38.7333,-27.0667,64.65,77,40,2.51,PT,1651354208
258,mechelen,51.0276,4.4807,46.83,76,0,5.75,BE,1651354209
259,bambous virieux,-20.3428,57.7575,77.25,78,20,5.75,MU,1651354210
260,nanortalik,60.1432,-45.2371,37.17,86,99,0.54,GL,1651354211
261,acarau,-2.8856,-40.12,77.76,89,27,8.55,BR,1651354212
262,longyearbyen,78.2186,15.6401,10.24,67,0,4.61,SJ,1651354213
263,souillac,-20.5167,57.5167,77.38,78,20,5.75,MU,1651354214
264,vila nova de milfontes,37.7238,-8.7828,61.25,90,15,2.51,PT,1651354215
265,saint george,37.1041,-113.5841,83.14,11,0,6.91,US,1651353941
266,pacific grove,36.6177,-121.9166,59.34,78,40,8.01,US,1651353958
267,camacha,33.0833,-16.3333,60.22,88,40,14.97,PT,1651354217
268,oliveira dos brejinhos,-12.3169,-42.8961,80.15,46,84,8.16,BR,1651354218
269,hamilton,39.1834,-84.5333,71.13,70,0,13.8,US,1651354099
270,south yuba city,39.1166,-121.6391,79.05,29,0,5.75,US,1651354219
271,moron,-34.6534,-58.6198,55.71,56,95,2.13,AR,1651354220
272,port lincoln,-34.7333,135.8667,58.35,85,13,8.12,AU,1651354221
273,esperance,-33.8667,121.9,51.64,66,0,6.89,AU,1651354222
274,bilibino,68.0546,166.4372,12.99,83,46,2.08,RU,1651354223
275,airai,-8.9266,125.4092,59.79,84,73,3.04,TL,1651354223
276,diamantina,-18.2494,-43.6003,62.24,62,31,5.75,BR,1651354224
277,dingle,10.9995,122.6711,76.87,88,100,5.99,PH,1651354225
278,corn island,12.1694,-83.0418,81.3,78,85,13.53,NI,1651354226
279,ust-maya,60.4167,134.5333,31.3,81,48,2.39,RU,1651354227
280,mandeville,18.0417,-77.5071,75.97,67,46,7.52,JM,1651354227
281,cabedelo,-6.9811,-34.8339,79.47,78,83,14.03,BR,1651354228
282,patamundai,20.5667,86.5667,78.89,93,21,6.85,IN,1651354229
283,soller,39.7662,2.7152,62.49,76,82,1.99,ES,1651354230
284,dubai,25.2582,55.3047,81.01,65,0,8.05,AE,1651354000
285,tiksi,71.6872,128.8694,34.02,92,100,14.2,RU,1651354231
286,bukoba,-1.3317,31.8122,66.67,81,97,3.85,TZ,1651354232
287,raozan,,,,,,,,
288,chivilcoy,-34.8957,-60.0167,49.42,51,82,4.5,AR,1651354234
289,cidreira,-30.1811,-50.2056,66.25,71,100,10.92,BR,1651354234
290,whitehorse,60.7161,-135.0538,47.17,39,40,12.66,CA,1651354203
291,porlamar,10.958,-63.8491,81.01,78,68,18.7,VE,1651354236
292,ancud,-41.8697,-73.8203,50.32,87,100,6.26,CL,1651354236
293,liverpool,53.4106,-2.9779,49.75,85,100,4.61,GB,1651354237
294,banda aceh,5.5577,95.3222,80.74,82,100,7.05,ID,1651354238
295,kapit,2.0167,112.9333,74.52,99,100,0.98,MY,1651354239
296,birao,10.2849,22.7882,83.23,47,67,4.65,CF,1651354240
297,namibe,-15.1961,12.1522,74.71,82,25,5.3,AO,1651354240
298,san patricio,28.017,-97.5169,85.44,57,59,16.78,US,1651354241
299,thinadhoo,0.5333,72.9333,85.8,68,75,15.3,MV,1651354242
300,ibotirama,-12.1853,-43.2206,84.36,39,65,8.77,BR,1651354243
301,lucapa,-8.4192,20.7447,67.24,91,95,1.36,AO,1651354243
302,port keats,-14.25,129.55,77.5,69,11,7.65,AU,1651354244
303,great yarmouth,52.6083,1.7305,44.98,80,100,7.49,GB,1651354244
304,beinamar,8.6698,15.3813,81.55,58,92,4.59,TD,1651354245
305,novyy urengoy,66.0833,76.6333,20.62,95,100,4.79,RU,1651354221
306,talnakh,69.4865,88.3972,18.21,97,100,9.93,RU,1651354246
307,homer,59.6425,-151.5483,44.49,76,100,16.11,US,1651354247
308,tawang,27.5833,91.8667,46.35,92,100,2.73,IN,1651354247
309,namatanai,-3.6667,152.4333,81.59,76,87,2.93,PG,1651354248
310,nieuw amsterdam,5.8833,-55.0833,83.01,79,75,10.04,SR,1651354248
311,dongsheng,39.8161,109.9776,42.64,23,0,17.56,CN,1651354249
312,majene,-3.5403,118.9707,78.08,86,100,4.18,ID,1651354250
313,ossora,59.2353,163.0719,30.4,84,35,2.68,RU,1651354250
314,hagi,34.4,131.4167,51.35,74,100,2.35,JP,1651354251
315,westpunt,,,,,,,,
316,mahanoro,-19.9,48.8,69.75,86,0,4.18,MG,1651354252
317,road town,18.4167,-64.6167,77.04,94,40,12.66,VG,1651354230
318,buala,-8.145,159.5921,82.53,74,100,1.54,SB,1651354252
319,mezinovskiy,55.5042,40.3593,30.56,77,6,4.25,RU,1651354253
320,pisco,-13.7,-76.2167,71.65,64,0,21.85,PE,1651354254
321,mathbaria,22.2876,89.9593,78.21,86,4,5.59,BD,1651354254
322,russell,32.3502,-85.1999,84.06,45,20,9.22,US,1651354230
323,berdigestyakh,62.0989,126.6992,32.02,78,8,7,RU,1651354255
324,pemba,-12.974,40.5178,75.79,77,1,11.92,MZ,1651354256
325,ponta do sol,32.6667,-17.1,64.94,66,0,2.8,PT,1651354256
326,havre-saint-pierre,50.2334,-63.5986,37.76,81,100,21.85,CA,1651354257
327,clyde river,70.4692,-68.5914,17.83,86,100,5.75,CA,1651354258
328,high level,58.5169,-117.136,44.71,57,75,8.05,CA,1651354222
329,porbandar,21.6422,69.6093,82.65,85,1,13.98,IN,1651354258
330,formoso do araguaia,,,,,,,,
331,soe,-9.8607,124.284,65.75,94,43,4.03,ID,1651354259
332,mergui,,,,,,,,
333,dovers,12.8833,-61.1833,81.99,77,95,15.79,VC,1651354260
334,saint-jean-de-luz,43.3891,-1.6581,54.97,92,40,2.3,FR,1651354261
335,rudbar,30.15,62.6,86,22,34,6.69,AF,1651354262
336,birjand,32.8663,59.2211,70.27,40,100,6.91,IR,1651354262
337,gafargaon,24.4333,90.5667,72.34,87,61,4.63,BD,1651354263
338,fortuna,40.5982,-124.1573,56.52,74,100,8.05,US,1651354264
339,bengkulu,-3.8004,102.2655,75.2,91,93,5.79,ID,1651354264
340,nadvoitsy,63.8667,34.3167,24.19,99,82,3.87,RU,1651354265
341,port moresby,-9.4431,147.1797,76.42,94,40,2.3,PG,1651354262
342,tumannyy,,,,,,,,
343,flinders,-34.5833,150.8552,53.58,78,0,3,AU,1651354266
344,aguimes,27.9054,-15.4461,64.94,68,20,23.02,ES,1651354267
345,viedma,-40.8135,-62.9967,55.11,39,90,7.49,AR,1651354267
346,margate,51.3813,1.3862,45.66,76,100,1.01,GB,1651354256
347,rawannawi,,,,,,,,
348,nome,64.5011,-165.4064,50.07,41,0,6.91,US,1651354268
349,jalna,19.8333,75.8833,85.3,28,2,13.2,IN,1651354269
350,tapes,-30.6733,-51.3958,63.36,73,97,7.18,BR,1651354270
351,zhuhai,22.2769,113.5678,76.05,88,40,16.11,CN,1651354270
352,basco,20.4487,121.9702,81.99,74,39,10.74,PH,1651354271
353,balkanabat,39.5108,54.3671,66.43,73,100,4.03,TM,1651354271
354,lodja,-3.4833,23.4333,71.83,90,89,1.41,CD,1651354272
355,lavrentiya,65.5833,-171,27.54,82,99,13.18,RU,1651354273
356,husavik,66.0449,-17.3389,47.93,66,100,9.28,IS,1651354273
357,canico,32.6333,-16.85,66.27,62,20,11.5,PT,1651354274
358,umzimvubu,,,,,,,,
359,mayo,38.8876,-76.5119,63.77,35,0,9.22,US,1651354275
360,sorong,-0.8833,131.25,78.6,87,100,5.35,ID,1651354275
361,waingapu,-9.6567,120.2641,77.4,87,72,6.64,ID,1651354276
362,morro bay,35.3658,-120.8499,75.38,53,8,7,US,1651354189
363,haibowan,,,,,,,,
364,macaboboni,,,,,,,,
365,krasnaya gorka,55.1962,56.6673,40.37,59,100,2.26,RU,1651354277
366,kurikka,62.6167,22.4167,38.55,88,99,1.95,FI,1651354278
367,belaya gora,68.5333,146.4167,20.91,89,76,3.83,RU,1651354278
368,nago,26.5881,127.9761,69.87,84,100,10.96,JP,1651354279
369,carroll,39.5501,-77.0164,65.07,27,100,3,US,1651354280
370,diamantino,-14.4086,-56.4461,81.48,47,84,2.93,BR,1651354281
371,deputatskiy,69.3,139.9,15.06,82,24,2.75,RU,1651354281
372,songjianghe,42.1859,127.479,34.11,72,58,4.47,CN,1651354282
373,benguela,-12.5763,13.4055,77.18,87,98,2.51,AO,1651354283
374,kargopol,61.5071,38.9456,29.5,97,100,5.68,RU,1651354283
375,baruun-urt,46.6806,113.2792,42.87,83,99,2.68,MN,1651354284
376,zeya,53.75,127.2667,35.91,48,54,3.31,RU,1651354284
377,seddon,-37.8068,144.8916,53.46,83,100,11.5,AU,1651354285
378,alofi,-19.0595,-169.9187,76.89,94,93,3.44,NU,1651354286
379,parrita,9.5201,-84.3225,81.46,79,100,4.56,CR,1651354286
380,erenhot,43.6475,111.9767,46.44,46,70,8.7,CN,1651354287
381,azogues,-2.7333,-78.8333,57.15,96,100,4.54,EC,1651354287
382,miles city,46.4083,-105.8406,58.17,51,100,9.22,US,1651354288
383,socorro,31.6546,-106.3033,83.66,6,0,13.8,US,1651354289
384,bubaque,11.2833,-15.8333,77.11,72,62,12.57,GW,1651354289
385,suhbaatar,50.2314,106.2078,48.34,56,66,2.84,MN,1651354290
386,galesong,-5.3166,119.3661,75.22,82,68,4.34,ID,1651354291
387,honningsvag,70.9821,25.9704,28.15,74,75,6.91,NO,1651354292
388,borovoy,55.4333,86.0833,54.68,40,100,4.47,RU,1651354292
389,tyukhtet,56.5389,89.3011,49.39,91,100,10.38,RU,1651354293
390,manapparai,10.6,78.4167,85.06,69,78,1.72,IN,1651354294
391,lakhdenpokhya,61.5198,30.1992,37.74,87,97,8.93,RU,1651354294
392,poum,-20.2333,164.0167,76.26,77,1,5.7,NC,1651354295
393,porto belo,-27.1578,-48.5531,67.05,77,94,3.38,BR,1651354295
394,oranjestad,12.524,-70.027,85.95,74,20,27.63,AW,1651354119
395,balestrand,61.2076,6.5334,36.99,87,85,2.57,NO,1651354296
396,svetlaya,46.5389,138.3297,38.3,79,100,10.31,RU,1651354297
397,kankaanpaa,61.8,22.4167,38.16,82,96,4.72,FI,1651354298
398,narsaq,60.9167,-46.05,55.62,69,35,2.55,GL,1651354298
399,neepawa,50.2289,-99.4664,46.8,97,100,20.62,CA,1651354299
400,urumqi,43.801,87.6005,67.15,11,0,26.84,CN,1651354300
401,lensk,60.7253,114.9278,36.54,100,100,3.94,RU,1651354300
402,pevek,69.7008,170.3133,6.71,94,96,6.29,RU,1651354301
403,tahe,52.3333,124.7333,32.68,35,4,1.68,CN,1651354302
404,khonuu,,,,,,,,
405,thompson,55.7435,-97.8558,41.16,60,100,10.36,CA,1651354302
406,narasannapeta,18.4167,84.05,79.72,94,17,8.86,IN,1651354303
407,abu kamal,34.4506,40.9171,78.64,31,38,13.65,SY,1651354303
408,iqaluit,63.7506,-68.5145,23.7,85,75,10.36,CA,1651354200
409,nizhniy baskunchak,48.2198,46.8311,53.11,50,48,8.75,RU,1651354304
410,tomohon,1.3346,124.8392,67.14,88,99,2.08,ID,1651354305
411,broken hill,-31.95,141.4333,47.91,87,0,4.61,AU,1651354306
412,dax,43.75,-1.1667,52.99,94,100,2.3,FR,1651354306
413,port elizabeth,-33.918,25.5701,61.32,74,6,5.01,ZA,1651354307
414,udomlya,57.8794,34.9925,30.78,73,93,4.61,RU,1651354307
415,rungata,,,,,,,,
416,hammerfest,70.6634,23.6821,28.85,86,100,12.66,NO,1651354308
417,amahai,-3.3333,128.9167,79.2,83,21,3.11,ID,1651354309
418,ha tinh,18.3333,105.9,74.84,96,100,1.86,VN,1651354310
419,santa fe,-31.6333,-60.7,59.41,66,91,3,AR,1651354310
420,port blair,11.6667,92.75,78.84,94,40,2.3,IN,1651354311
421,quelimane,-17.8786,36.8883,73.35,88,0,2.3,MZ,1651354311
422,parras,,,,,,,,
423,kavieng,-2.5744,150.7967,82.98,71,99,2.06,PG,1651354312
424,marcona,,,,,,,,
425,manokwari,-0.8667,134.0833,77.13,86,100,7.49,ID,1651354313
426,khani,41.9563,42.9566,45.97,97,74,0.43,GE,1651354313
427,kamenskoye,,,,,,,,
428,suntar,62.1444,117.6319,36.57,99,99,4.68,RU,1651354314
429,portland,45.5234,-122.6762,53.74,82,100,6.91,US,1651354118
430,phulabani,20.4667,84.2333,83.32,31,69,5.53,IN,1651354315
431,ijero,6.4819,3.3803,82.63,83,20,2.3,NG,1651354315
432,asfi,32.2994,-9.2372,63.19,79,100,9.8,MA,1651354316
433,da nang,16.0678,108.2208,78.78,94,40,0,VN,1651354063
434,nouadhibou,20.931,-17.0347,64.38,88,99,14.97,MR,1651354317
435,marrakesh,31.6315,-8.0083,73.47,35,0,9.22,MA,1651354318
436,moose factory,51.2585,-80.6094,40.98,52,0,16.11,CA,1651354318
437,touros,-5.1989,-35.4608,80.4,74,15,15.59,BR,1651354147
438,hambantota,6.1241,81.1185,77.34,100,20,0,LK,1651354319
439,atambua,-9.1061,124.8925,72.59,89,99,4.52,ID,1651354320
440,tairua,-37.0167,175.85,62.76,83,55,8.37,NZ,1651354320
441,alta floresta,-9.8756,-56.0861,78.13,79,43,4.65,BR,1651354136
442,oum hadjer,13.2954,19.6966,93.07,24,89,0.76,TD,1651354321
443,siirt,37.9326,41.9403,59.86,72,100,3.2,TR,1651354322
444,pedernales,18.0384,-71.744,79.32,74,80,3.29,DO,1651354323
445,ballina,-28.8667,153.5667,64.22,96,100,8.05,AU,1651354286
446,fayaoue,-20.65,166.5333,77.41,83,100,21.12,NC,1651354324
447,itaqui,-29.1253,-56.5531,59.23,86,91,8.34,BR,1651354324
448,bunumbu,8.1667,-10.8667,75.87,89,79,4.27,SL,1651354325
449,kahului,20.8947,-156.47,79.27,69,40,16.11,US,1651354325
450,astana,51.1801,71.446,53.55,66,0,13.42,KZ,1651354326
451,morki,56.4303,48.9947,31.24,93,47,6.29,RU,1651354327
452,san quintin,30.4833,-115.95,66.4,65,81,12.95,MX,1651354328
453,auki,-8.7676,160.7034,81.9,79,100,0.56,SB,1651354328
454,gua musang,4.8823,101.9644,73.9,99,98,1.59,MY,1651354329
455,te anau,-45.4167,167.7167,55.02,92,100,8.16,NZ,1651354330
456,nyurba,63.2842,118.3319,36.25,90,98,7.34,RU,1651354331
457,mahajanga,-15.7167,46.3167,77.58,80,0,8.75,MG,1651354331
458,constitucion,-35.3333,-72.4167,54.91,66,2,11.45,CL,1651354323
459,la ronge,55.1001,-105.2842,44.85,61,40,11.5,CA,1651354231
460,gornopravdinsk,60.05,69.9,29.34,74,14,4.32,RU,1651354332
461,nordhorn,52.4333,7.0833,48.69,84,87,7.49,DE,1651354333
462,maniitsoq,65.4167,-52.9,24.96,71,0,12.28,GL,1651354334
463,sehithwa,-20.4667,22.7167,67.66,41,30,4.52,BW,1651354334
464,outjo,-20.1167,16.15,65.77,47,19,6.69,NA,1651354335
465,bukama,-9.2,25.85,68.29,89,21,1.97,CD,1651354336
466,shagonar,51.5333,92.8,48.88,45,39,0.49,RU,1651354336
467,lamar,33.6668,-95.5836,80.51,36,0,10.36,US,1651354337
468,karauzyak,,,,,,,,
469,kikwit,-5.041,18.8162,70.81,96,56,0.47,CD,1651354338
470,codrington,-38.2667,141.9667,58.57,82,99,12.19,AU,1651354338
471,kilindoni,-7.9139,39.6668,81.81,72,62,15.9,TZ,1651354339
472,bud,39.447,-86.1758,77.05,57,100,15.19,US,1651354340
473,nuuk,64.1835,-51.7216,27.21,63,20,13.8,GL,1651354340
474,oxapampa,-10.5775,-75.4017,62.35,96,73,1.57,PE,1651354341
475,araouane,18.9048,-3.5265,83.82,9,1,9.51,ML,1651354341
476,quedlinburg,51.7833,11.15,52.36,86,34,5.48,DE,1651354342
477,dukat,62.55,155.55,21.74,86,77,1.16,RU,1651354343
478,tubruq,,,,,,,,
479,yarada,17.65,83.2667,84.52,89,40,3.44,IN,1651354344
480,dinsor,,,,,,,,
481,afmadu,,,,,,,,
482,omsukchan,62.5333,155.8,21.94,88,93,0.98,RU,1651354345
483,den helder,52.9599,4.7593,44.33,82,68,3.44,NL,1651354345
484,cayenne,4.9333,-52.3333,83.08,22,75,10.36,GF,1651354207
485,okandja,,,,,,,,
486,trofors,65.5333,13.4063,22.26,94,19,4.81,NO,1651354346
487,morant bay,17.8815,-76.4093,83.82,72,24,11.41,JM,1651354347
488,malko tarnovo,41.9833,27.5333,43.59,99,23,4.88,BG,1651354348
489,khash,28.2211,61.2158,73.06,36,100,3.24,IR,1651354348
490,la solana,38.9442,-3.2381,58.48,71,99,7.9,ES,1651354349
491,zapolyarnyy,69.4154,30.8136,24.08,92,68,6.69,RU,1651354349
492,gaya,24.7833,85,78.71,69,6,9.22,IN,1651354350
493,fomboni,-12.28,43.7425,81.18,79,15,17.34,KM,1651354351
494,labuhan,-6.8844,112.2051,79.11,89,100,9.42,ID,1651354351
495,ulagan,50.6321,87.9563,42.62,53,100,2.68,RU,1651354352
496,harper,4.375,-7.7169,80.98,79,100,6.64,LR,1651354353
497,ayr,55.4627,-4.6339,51.6,93,100,14.97,GB,1651354353
498,saint-francois,46.4154,3.9054,44.04,81,0,5.75,FR,1651354354
499,marshall,34.3834,-86.3333,79.57,50,0,8.05,US,1651354099
500,val,47.3626,18.6793,58.39,63,91,4.27,HU,1651354355
501,beringovskiy,63.05,179.3167,25.14,92,100,18.75,RU,1651354356
502,drayton valley,53.2168,-114.9854,46.89,68,100,11.72,CA,1651354265
503,floro,61.5996,5.0328,44.56,76,100,6.91,NO,1651354357
504,san cristobal,7.7669,-72.225,77.18,93,99,5.1,VE,1651354357
505,college,64.8569,-147.8028,54.27,32,40,13.8,US,1651354358
506,boa vista,2.8197,-60.6733,85.98,62,20,9.22,BR,1651354359
507,lekoni,-1.5843,14.2591,76.96,71,61,1.43,GA,1651354359
508,ust-kut,56.7938,105.7672,42.6,97,99,4.52,RU,1651354360
509,dhidhdhoo,6.8833,73.1,85.3,72,100,11.34,MV,1651354361
510,alta,69.9689,23.2717,28.18,76,75,4.61,NO,1651354272
511,victor harbor,-35.5667,138.6167,54.68,85,3,10.13,AU,1651354363
512,jining,35.405,116.5814,46.29,47,66,6.64,CN,1651354363
513,paamiut,61.994,-49.6678,32.97,95,83,14.25,GL,1651354364
514,ngukurr,,,,,,,,
515,frolovo,49.7713,43.6622,45.39,60,97,11.74,RU,1651354365
516,buraydah,26.326,43.975,79.25,36,2,12.19,SA,1651354279
517,poya,-21.35,165.15,76.8,72,0,3.27,NC,1651354365
518,sao domingos,-13.3983,-46.3183,75.9,44,41,3.83,BR,1651354366
519,odweyne,9.4092,45.064,77.68,57,96,2.13,SO,1651354367
520,anloga,5.7947,0.8973,83.08,76,30,11.59,GH,1651354368
521,yeppoon,-23.1333,150.7333,67.78,87,87,10.67,AU,1651354369
522,nefteyugansk,61.0998,72.6035,29.66,73,7,8.41,RU,1651354369
523,kharp,66.8014,65.8081,6.85,88,32,3.42,RU,1651354370
524,palabuhanratu,,,,,,,,
525,mount gambier,-37.8333,140.7667,57.11,94,100,10.36,AU,1651354370
526,magadan,59.5667,150.8,33.53,69,10,3.85,RU,1651354371
527,vestmannaeyjar,63.4427,-20.2734,46.35,86,38,16.26,IS,1651354371
528,skalistyy,,,,,,,,
529,avera,33.194,-82.5271,81.64,42,15,7.99,US,1651354372
530,jizan,17.3333,42.6667,86.94,53,12,4.59,SA,1651354373
531,jacareacanga,-6.2222,-57.7528,76.17,92,99,2.44,BR,1651354373
532,nhulunbuy,-12.2333,136.7667,81.21,74,45,11.5,AU,1651354374
533,solnechnyy,50.7214,136.6319,32.86,71,52,7.34,RU,1651354375
534,los llanos de aridane,28.6585,-17.9182,62.13,86,0,16.11,ES,1651354375
535,bathsheba,13.2167,-59.5167,83.01,74,20,13.8,BB,1651354376
536,dinajpur,25.6272,88.6386,72.23,82,94,10.45,BD,1651354376
537,isangel,-19.55,169.2667,80.71,89,100,2.3,VU,1651354377
538,volot,57.9278,30.7025,33.67,62,84,3.74,RU,1651354377
539,manono,-7.3,27.4167,70.23,87,35,2.82,CD,1651354378
540,tupi paulista,-21.3811,-51.5706,79.07,51,74,7.27,BR,1651354378
541,orsk,51.2049,58.5668,49.1,100,100,6.71,RU,1651354379
542,constantine,36.365,6.6147,49.41,57,0,4.61,DZ,1651354380
543,saint-denis,48.9167,2.3333,51.06,59,0,8.05,FR,1651354380
544,kenora,49.8167,-94.4337,45.57,87,100,13.8,CA,1651354229
545,paso de los toros,-32.8167,-56.5167,55.78,70,100,6.38,UY,1651354381
546,olinda,-8.0089,-34.8553,78.53,83,100,8.05,BR,1651354382
547,asau,46.4333,26.4,44.94,99,71,2.66,RO,1651354382
548,torbay,47.6666,-52.7314,38.98,96,100,3.44,CA,1651354231
549,mashivka,49.4431,34.8669,46.45,72,54,5.68,UA,1651354383
550,bokspits,,,,,,,,
551,dahuk,36.8695,42.994,63,67,100,4.99,IQ,1651354384
552,port pirie,-33.1833,138.0167,48.29,66,2,1.83,AU,1651354384
553,opuwo,-18.0607,13.84,71.51,36,61,3.78,NA,1651354385
554,jos,9.9167,8.9,73.02,59,100,3.58,NG,1651354386
555,yerbogachen,61.2767,108.0108,33.58,94,100,3.42,RU,1651354387
556,verkhnyaya inta,65.9811,60.3094,24.57,73,35,12.44,RU,1651354388
557,petropavlovsk-kamchatskiy,53.0452,158.6483,36.19,65,40,6.71,RU,1651354388
558,bursol,,,,,,,,
559,palafrugell,41.9174,3.1631,58.89,17,37,6.44,ES,1651354389
560,magdalena milpas altas,14.5453,-90.6753,73.94,47,40,11.5,GT,1651354390
561,morondava,-20.2833,44.2833,72.77,76,0,9.35,MG,1651354391
562,kushiro,42.975,144.3747,42.31,55,100,6.51,JP,1651354391
563,vila velha,-20.3297,-40.2925,77.95,84,20,3.44,BR,1651354316
564,sobolevo,54.4299,31.8996,37.54,67,40,3.11,RU,1651354392
565,mount isa,-20.7333,139.5,69.57,73,46,9.22,AU,1651354290
566,faanui,-16.4833,-151.75,81.18,72,9,14.16,PF,1651354393
567,balimo,,,,,,,,
568,qaqortoq,60.7167,-46.0333,37.9,83,56,3.42,GL,1651354394
569,moyo,3.6609,31.7247,66.34,89,96,3.24,UG,1651354395
570,kununurra,-15.7667,128.7333,80.58,89,100,4.61,AU,1651354395
571,greenville,35.6127,-77.3663,68.49,68,100,6.91,US,1651354198
572,uyemskiy,64.4743,40.8524,26.06,100,40,2.24,RU,1651354396
573,flin flon,54.7682,-101.865,55.24,44,75,0,CA,1651354397
574,bahia honda,22.9036,-83.1592,82.17,54,6,14.18,CU,1651354398
575,kamina,-8.7386,24.9906,62.8,96,42,1.83,CD,1651354399
576,swan hill,-35.3378,143.5544,53.37,73,6,4.09,AU,1651354399
577,ladnun,27.65,74.3833,86.83,23,5,9.82,IN,1651354400
578,namtsy,62.7161,129.6658,29.88,82,25,5.68,RU,1651354401
579,byron bay,-28.65,153.6167,64.26,89,100,11.52,AU,1651354375
580,zyryanovsk,49.7386,84.2719,50.77,52,100,3,KZ,1651354402
581,peterhead,57.5058,-1.7981,46.8,96,100,17.87,GB,1651354402
582,sangre grande,10.5835,-61.1177,84.16,72,99,9.15,TT,1651354403
583,sorland,67.667,12.6934,37.94,68,54,11.43,NO,1651354403
584,aykino,62.2248,49.9922,23.14,91,13,4.38,RU,1651354404
585,kabinda,-6.1333,24.4833,68.31,93,100,1.95,CD,1651354404
586,plettenberg bay,-34.0527,23.3716,57.61,76,3,6.4,ZA,1651354405
587,posse,-14.0931,-46.3694,73.74,42,41,3.94,BR,1651354406
588,pimentel,-6.8367,-79.9342,71.89,68,0,23.02,PE,1651354406
589,severo-yeniseyskiy,60.3725,93.0408,26.04,96,100,4.61,RU,1651354407
590,astoria,46.1879,-123.8313,54.41,86,75,13.8,US,1651354407
591,komsomolskiy,40.4272,71.7189,66.92,59,24,4.61,UZ,1651354408
592,gat,31.61,34.7642,63.81,100,0,10.76,IL,1651354144
593,smolenka,52.1352,113.4974,37.47,87,96,2.24,RU,1651354408
594,westport,41.1415,-73.3579,64.08,27,0,10.36,US,1651354409
595,jasper,37.2001,-94.3502,69.96,49,75,18.41,US,1651354410
596,phan rang,,,,,,,,
597,rock sound,24.9,-76.2,76.33,62,0,13.06,BS,1651354411
598,lavumisa,-27.31,31.892,59.95,86,0,4.97,SZ,1651354411
599,riyadh,24.6877,46.7219,75.34,27,0,3.8,SA,1651354344
600,terrace,54.5163,-128.6035,64.31,29,40,4.61,CA,1651354412
601,menongue,-14.6585,17.691,59,62,6,4.54,AO,1651354413
602,salinas,36.6777,-121.6555,64.29,63,0,12.66,US,1651354149
603,jibuti,11.5,42.5,77.63,76,19,6.6,DJ,1651354413
604,eseka,3.65,10.7667,73.08,99,66,1.25,CM,1651354414
605,carrollton,32.9537,-96.8903,83.01,29,0,11.5,US,1651354174
606,hobyo,5.3505,48.5268,84.45,72,56,10.74,SO,1651354415
607,kolosovka,56.4678,73.611,37.8,58,99,11.61,RU,1651354415
608,kuvshinovo,57.0295,34.1725,30.11,69,90,4.18,RU,1651354416
609,camopi,3.1655,-52.3158,74.35,89,33,3.67,GF,1651354417
610,tual,-5.6667,132.75,84.52,72,78,15.28,ID,1651354417
611,caravelas,-17.7125,-39.2481,74.8,79,3,4.9,BR,1651354418
612,nioro,13.35,-15.75,84.34,36,88,9.28,GM,1651354418
613,murchison,-41.8,172.3333,56.34,90,97,0.81,NZ,1651354419
614,krapina,46.1608,15.8789,52.43,72,98,2.46,HR,1651354420
615,vaitupu,,,,,,,,
616,klyuchi,52.2667,79.1667,57.47,38,80,6.62,RU,1651354421
617,matara,5.9485,80.5353,79.79,89,98,9.6,LK,1651354421
618,saint-joseph,-21.3667,55.6167,75.58,78,19,6.71,RE,1651354422
619,yakeshi,49.2833,120.7333,32.7,43,5,3.18,CN,1651354422
620,antalaha,-14.9003,50.2788,72.28,93,9,5.03,MG,1651354423
621,tuggurt,,,,,,,,
622,brigantine,39.4101,-74.3646,59.04,52,0,10.36,US,1651354424
623,ola,59.5833,151.2833,34.14,65,5,5.44,RU,1651354424
624,mirnyy,62.5353,113.9611,33.24,93,60,7,RU,1651354425
625,cabrero,-37.0333,-72.4,60.75,46,0,8.32,CL,1651354134
626,moerai,-22.4333,-151.3333,78.3,67,65,8.14,PF,1651354426
627,saint-augustin,51.226,-58.6502,38.61,88,100,15.9,CA,1651354427
628,bandundu,-3.3167,17.3667,73.6,84,77,2.91,CD,1651354427
629,keti bandar,24.1447,67.4497,83.35,80,2,17.45,PK,1651354428
630,raudeberg,61.9875,5.1352,37.89,88,53,4.09,NO,1651354428
631,dzhankoy,45.7167,34.4,52.47,74,84,11.43,UA,1651354429
632,vangaindrano,-23.35,47.6,70.63,89,79,4.43,MG,1651354430
633,andenes,69.3143,16.1194,30.18,100,100,10.36,NO,1651354327
634,sao jose da coroa grande,-8.8978,-35.1478,77.43,80,100,8.46,BR,1651354431
